,x,y
65,7.303465843200684,9.704715728759766
118,10.203760147094727,5.122613430023193
314,2.897517681121826,-2.701545238494873
1236,-4.7329230308532715,-7.285795211791992
1274,4.322563648223877,-2.3828001022338867
1300,-2.507577657699585,-6.820866584777832
1705,11.952054977416992,4.1595988273620605
1721,3.4336342811584473,-0.47608980536460876
1741,12.087654113769531,4.942533016204834
1922,14.129515647888184,3.2544198036193848
1970,14.6673002243042,-1.891799807548523
2150,-2.0867676734924316,-8.113455772399902
2988,11.574490547180176,6.81104040145874
3422,5.012807846069336,-1.0844545364379883
3703,-3.454495429992676,-8.02304458618164
3733,2.9209606647491455,-1.3760887384414673
4091,14.283615112304688,0.16285763680934906
4229,14.962260246276855,0.3234904706478119
4293,7.822304725646973,7.26559591293335
4906,-3.58440899848938,-7.657559394836426
5138,-2.4121415615081787,-7.704034328460693
5158,14.332215309143066,2.0557057857513428
5297,-3.609041452407837,-7.764623165130615
5355,-2.9510464668273926,-7.833540916442871
6135,8.196877479553223,5.916294574737549
6164,7.8735761642456055,9.064119338989258
6212,4.673948287963867,-8.99127197265625
6728,2.3691484928131104,-0.31419429183006287
7473,2.0974104404449463,-8.116545677185059
7751,6.871341228485107,-2.8376643657684326
8108,14.78693962097168,1.4055382013320923
8203,9.074728012084961,3.867217540740967
8235,8.863309860229492,6.052907466888428
8274,13.175700187683105,3.733043670654297
8473,13.780250549316406,1.6913089752197266
8630,3.2886080741882324,-2.141568899154663
8933,12.418293952941895,3.227170944213867
9500,7.7989020347595215,9.663800239562988
9663,6.557301998138428,5.33101224899292
9771,13.968253135681152,0.9698235392570496
10625,3.214766263961792,-1.8711715936660767
10738,5.931912899017334,4.265430450439453
10763,14.238958358764648,2.854644298553467
11580,9.1151123046875,4.378872394561768
11661,-0.2571810781955719,-5.547215938568115
11673,2.182631254196167,1.941124677658081
11818,12.418097496032715,2.513446092605591
11885,10.78547191619873,5.272942066192627
12272,11.694194793701172,3.9339404106140137
12730,14.461328506469727,0.6159124970436096
13002,15.06786060333252,-4.2944841384887695
13311,15.18648624420166,-0.49474790692329407
13325,6.033538341522217,-9.25669002532959
13612,11.312854766845703,3.3235862255096436
13632,-2.9790406227111816,-7.72601318359375
13938,9.027250289916992,6.05449914932251
14033,6.931461811065674,8.200336456298828
14040,-3.5871787071228027,-8.0242919921875
14059,5.632409572601318,-8.243718147277832
14501,-3.28493332862854,-7.346637725830078
14521,15.16494083404541,-2.043405771255493
14544,4.591598033905029,-8.890591621398926
15143,11.511920928955078,4.323713302612305
15148,5.112675189971924,-1.3144595623016357
15249,-2.0561769008636475,-7.150759696960449
15442,2.076704978942871,-3.1114463806152344
16041,0.5984316468238831,-1.0329043865203857
16394,15.109643936157227,-4.721938610076904
16615,15.234633445739746,-3.587311029434204
16621,6.000155448913574,-7.887922286987305
16750,13.851346969604492,1.8101367950439453
16830,6.65409517288208,5.542849540710449
16963,10.579954147338867,4.650623798370361
17335,15.24697494506836,-4.308757305145264
17559,11.223003387451172,4.279408931732178
17835,7.304040908813477,9.569132804870605
18067,5.587644100189209,4.616893768310547
18265,7.5113701820373535,6.585216522216797
18392,6.9150166511535645,9.603697776794434
18607,1.8458102941513062,-4.544419765472412
18778,12.578397750854492,4.107475280761719
19207,-3.2955832481384277,-8.011500358581543
19603,4.5699872970581055,-3.3440585136413574
19836,15.338959693908691,-1.0180045366287231
19916,7.245635986328125,5.634033203125
20064,6.25347375869751,10.903325080871582
20119,6.223573207855225,7.458937644958496
20512,6.192876815795898,-1.8228169679641724
20574,5.8477959632873535,4.992754936218262
20832,-2.2190210819244385,-7.6332502365112305
21041,2.079251766204834,-3.237438440322876
21156,14.450146675109863,1.3724825382232666
21202,14.481738090515137,-1.061929702758789
21770,7.413267135620117,5.140417575836182
21779,14.435564041137695,1.6106204986572266
21796,14.616620063781738,-0.9191250801086426
21837,12.614198684692383,3.2123801708221436
22196,12.313477516174316,2.580519437789917
22538,-0.17235992848873138,-5.690932750701904
22584,14.215649604797363,1.7045860290527344
22848,11.505013465881348,7.493199825286865
23241,11.652556419372559,3.619378089904785
23619,0.552131712436676,-4.185430526733398
23647,-1.755063772201538,-6.966711044311523
23848,10.701735496520996,4.497410774230957
24012,5.404170036315918,-9.210862159729004
24523,9.250631332397461,8.147282600402832
24736,-2.1135456562042236,-6.917139053344727
24896,7.212677001953125,7.1398515701293945
25235,12.538102149963379,4.11923885345459
25239,4.3390984535217285,-1.0488618612289429
25270,15.234721183776855,-2.749091625213623
25384,10.080501556396484,7.113860130310059
25396,-1.3072309494018555,-8.917885780334473
25505,8.27588176727295,5.326650142669678
25632,-4.520976543426514,-6.700985908508301
25878,-4.607500076293945,-7.388754844665527
25890,15.201780319213867,-1.845259666442871
25893,13.93089771270752,3.16324782371521
26339,0.05357080698013306,-6.4641852378845215
26903,7.597412586212158,9.53592586517334
27788,15.134896278381348,0.31195753812789917
27825,-3.5259599685668945,-8.054676055908203
27836,-1.5372490882873535,-7.261037349700928
27841,-2.559269428253174,-7.127011299133301
27943,6.016477108001709,7.800322532653809
28146,7.757727146148682,9.695955276489258
28573,15.0281982421875,-2.347043752670288
28577,13.613110542297363,4.369175434112549
28885,1.8246221542358398,-4.762297630310059
28893,5.593130111694336,-3.4851951599121094
29137,9.677722930908203,7.570475101470947
29149,9.681487083435059,6.81479024887085
29704,12.685713768005371,4.0337748527526855
29751,6.991702556610107,7.171664714813232
30052,11.796248435974121,4.9149580001831055
30133,11.53954792022705,5.6844482421875
30148,7.359614849090576,5.848461151123047
30154,4.7808756828308105,3.2555370330810547
30189,14.494730949401855,-1.1144261360168457
30412,9.503957748413086,8.123147964477539
31080,8.195170402526855,5.124296188354492
31274,6.377343654632568,8.106318473815918
31330,8.11662483215332,9.580360412597656
31478,8.109689712524414,5.051244735717773
31937,13.072949409484863,5.7523980140686035
32566,14.965439796447754,1.253527045249939
32576,5.00886869430542,3.342407464981079
33549,12.370367050170898,4.319951057434082
33932,7.062677383422852,6.563065528869629
34645,12.95707893371582,1.9931485652923584
34684,12.406593322753906,2.8785364627838135
35374,6.972902774810791,6.693962097167969
35536,3.1403424739837646,-2.1029696464538574
35679,3.387272357940674,-3.291867733001709
35810,5.440354347229004,-8.99038028717041
35935,11.499028205871582,5.846019744873047
36163,8.340840339660645,5.887831687927246
36565,7.809118270874023,5.848134994506836
36687,5.562580585479736,-3.6405255794525146
36755,3.56050443649292,-1.8263823986053467
36963,7.68097448348999,7.943844318389893
37731,8.970259666442871,6.492701053619385
37769,8.33657169342041,7.318941593170166
37863,13.646381378173828,4.353893756866455
38373,6.869681358337402,7.222947597503662
38449,7.654574871063232,6.118409633636475
38726,7.327727794647217,6.453323841094971
39025,7.306629180908203,4.559303283691406
39142,10.600411415100098,7.124754428863525
39249,7.706760883331299,5.148263454437256
39687,7.836669921875,6.015974521636963
39927,6.488898754119873,8.917176246643066
39969,6.938230037689209,8.698676109313965
40091,7.766016006469727,5.946573257446289
40147,8.948857307434082,6.641068458557129
40583,10.609776496887207,6.646475791931152
40806,13.699454307556152,2.929719924926758
40817,14.720602035522461,-1.3482458591461182
40998,7.207416534423828,5.403092861175537
41126,10.35263729095459,6.53718900680542
41653,4.250749111175537,-4.358156681060791
41913,13.582804679870605,3.064452886581421
41979,7.3434576988220215,6.240070819854736
42034,5.926112651824951,7.1171555519104
42271,8.926332473754883,7.115243911743164
42310,15.204845428466797,-3.669306755065918
42627,3.1744134426116943,0.9910449385643005
42767,7.826110363006592,5.375824928283691
43188,7.111231327056885,7.8224873542785645
43321,11.462189674377441,5.012842178344727
44096,9.535255432128906,6.681990623474121
44240,14.707995414733887,1.8766967058181763
44283,10.076985359191895,6.570990085601807
44906,4.889396667480469,-9.115445137023926
45032,7.525346279144287,8.318449974060059
45309,13.703401565551758,3.2528645992279053
45362,10.7468843460083,5.456287384033203
45875,5.212634563446045,-3.7422261238098145
45892,9.070249557495117,8.460455894470215
46213,14.1962308883667,2.1549081802368164
46378,10.6537446975708,5.379333019256592
46641,13.450736999511719,3.253938674926758
46750,13.965996742248535,1.7511337995529175
47467,11.743121147155762,5.461626052856445
48614,5.623500823974609,-9.41280746459961
48923,6.855222225189209,8.517073631286621
49445,5.945346832275391,6.35186767578125
49584,9.126139640808105,6.829766750335693
49697,7.129528045654297,6.813765525817871
49900,11.736396789550781,3.1613643169403076
50265,6.455289363861084,7.972350597381592
50522,6.786132335662842,7.026363372802734
50700,8.344112396240234,7.954674243927002
50842,14.679281234741211,-1.4827159643173218
51004,6.654534339904785,8.006780624389648
51077,8.49923038482666,5.993258953094482
51767,7.432835102081299,7.338305473327637
52174,10.460892677307129,6.235896587371826
52252,5.658604621887207,-9.351619720458984
52441,7.508216857910156,7.448964595794678
52541,9.308206558227539,6.920882225036621
52575,4.137903690338135,2.761561632156372
52697,14.68955135345459,1.9834669828414917
52702,9.238485336303711,7.62852668762207
52748,15.506586074829102,-1.4052298069000244
52782,15.287263870239258,-0.7251201272010803
52926,8.099852561950684,7.015182018280029
53207,5.246576309204102,-0.9455262422561646
53496,6.822405815124512,7.345818519592285
53527,10.079789161682129,4.835332870483398
53726,14.24061107635498,-0.04327557235956192
53818,10.087273597717285,7.873309135437012
54257,7.713979244232178,6.887665271759033
54358,10.018033981323242,5.59812068939209
54489,11.675947189331055,6.401965141296387
54692,8.41380786895752,6.7417120933532715
54934,7.519260883331299,8.536300659179688
55006,14.527141571044922,2.1660923957824707
55042,8.191314697265625,7.945816993713379
55044,4.894144535064697,4.0206618309021
55245,0.918303906917572,-6.000531196594238
55433,13.55147933959961,3.5259246826171875
55452,7.169895172119141,8.649344444274902
55660,8.14401626586914,8.860390663146973
55731,8.605856895446777,8.512869834899902
55925,9.015713691711426,4.270219326019287
55993,15.084554672241211,-4.264430999755859
56008,8.326691627502441,6.678807258605957
56088,5.338608264923096,-4.402318000793457
56113,8.812694549560547,8.300028800964355
56258,6.400176525115967,6.660787582397461
56296,8.76970386505127,6.54279899597168
56421,8.488537788391113,6.4564948081970215
56427,8.607471466064453,7.276226997375488
57074,8.794275283813477,5.820621013641357
57115,6.707422256469727,7.9434356689453125
57544,8.313946723937988,6.394704818725586
58034,10.27238941192627,6.345693111419678
58572,8.246872901916504,8.659846305847168
58652,11.109251022338867,4.909551620483398
58747,12.027544021606445,4.600470542907715
59035,11.85639476776123,6.695773124694824
59103,14.452088356018066,2.269399881362915
59708,14.54001522064209,1.7476325035095215
60230,11.634042739868164,6.406724452972412
60353,14.924398422241211,-0.6877762079238892
60616,9.059773445129395,6.65502405166626
60764,6.91818904876709,10.093503952026367
60796,9.567034721374512,4.542509078979492
61379,15.16735553741455,-3.0905838012695312
61607,-0.24902662634849548,-5.532737731933594
61957,6.863027572631836,10.241610527038574
62696,15.207514762878418,0.2609195411205292
63797,7.453924179077148,9.554386138916016
63817,5.675560474395752,-9.404308319091797
63848,5.775018215179443,4.596384525299072
64105,6.712991714477539,5.431556224822998
64534,10.512027740478516,6.184356212615967
64625,7.175219535827637,7.294240474700928
64740,14.880504608154297,0.8251239061355591
64779,11.913056373596191,3.3664605617523193
65019,7.2267351150512695,4.823421955108643
65152,15.074667930603027,-4.203884124755859
65165,11.663838386535645,4.270606517791748
65574,13.89843463897705,1.6798654794692993
65777,7.168403148651123,4.0783514976501465
65830,13.006834983825684,2.9014089107513428
65890,7.683445453643799,8.252324104309082
66044,13.01618766784668,4.067838191986084
66470,10.66675853729248,5.757781505584717
66572,7.415984153747559,7.654664039611816
66964,8.881200790405273,8.804102897644043
66983,12.236230850219727,4.54965353012085
67233,7.169641494750977,5.855571269989014
67368,15.386199951171875,-1.2407662868499756
67652,15.484169006347656,-2.724336862564087
68082,12.657923698425293,4.5717549324035645
68169,8.509517669677734,6.1552958488464355
68226,15.076676368713379,-3.81636643409729
68229,14.439085960388184,2.9439144134521484
68277,15.428625106811523,-1.7065187692642212
69685,14.164689064025879,0.5783654451370239
69825,14.055207252502441,3.1706013679504395
69869,8.297934532165527,5.344482898712158
70069,11.83273696899414,6.09177303314209
70102,9.982686996459961,5.833691120147705
70132,9.906766891479492,4.625760555267334
70308,12.269102096557617,4.375523090362549
70634,12.296578407287598,5.744572639465332
70695,7.944664001464844,5.053472995758057
70717,14.899063110351562,-1.4612364768981934
71283,15.121818542480469,-1.2195919752120972
71563,15.257393836975098,-1.2550708055496216
71788,13.548158645629883,3.031348943710327
71813,6.93795108795166,6.40008544921875
72663,7.373083591461182,9.776602745056152
73068,10.611486434936523,5.148750305175781
73125,6.378947734832764,8.696100234985352
73246,12.0781888961792,5.636528491973877
73282,12.303197860717773,2.8628032207489014
74012,8.825101852416992,8.639368057250977
74193,2.229139566421509,-5.024610996246338
74477,14.609862327575684,2.097616672515869
74753,13.308334350585938,3.137514591217041
74893,10.229921340942383,6.10033655166626
75032,1.5498058795928955,-7.897283554077148
75171,12.139105796813965,4.350926876068115
75421,7.70266056060791,7.555226802825928
75993,15.117196083068848,-2.037101984024048
76625,8.5385160446167,5.273486614227295
77070,6.378819942474365,8.426983833312988
77755,9.479000091552734,7.192836284637451
77824,9.592723846435547,6.8151984214782715
78170,9.945590019226074,4.93668270111084
78203,2.502499580383301,-4.253074645996094
78359,5.7528157234191895,-7.975751876831055
78820,-1.4183320999145508,-8.97021198272705
79358,4.670762062072754,3.1599767208099365
79367,1.8023948669433594,0.5973718166351318
79700,5.598150730133057,-2.322209358215332
79753,8.178515434265137,3.746340751647949
80305,7.0060834884643555,4.192864894866943
80646,3.075023889541626,4.1778035163879395
81098,5.398014068603516,4.530142784118652
81124,4.886505126953125,-4.6180877685546875
81268,14.146476745605469,2.6076786518096924
81903,3.5659987926483154,2.011260747909546
82059,4.073188304901123,0.9834102988243103
82179,3.4772307872772217,3.7113468647003174
82364,5.957139015197754,-8.22446060180664
82665,3.7278614044189453,-0.7352580428123474
82785,4.06001615524292,-0.5322006940841675
83019,5.355469226837158,-0.7979764342308044
83199,3.808588743209839,-0.030046891421079636
83263,5.959362030029297,-1.7133333683013916
83571,4.95309591293335,1.3928548097610474
84184,6.905829906463623,4.001519203186035
84365,2.7978129386901855,-2.0286998748779297
84454,6.522414207458496,4.247274875640869
84475,2.2378032207489014,1.2924141883850098
84648,1.396632194519043,-3.7878432273864746
84864,5.312211036682129,-9.527256965637207
85029,3.1361489295959473,3.915308952331543
85267,15.063246726989746,0.20448972284793854
86162,5.589582443237305,-7.896607398986816
86320,-4.820437908172607,-7.616984844207764
86386,4.605349063873291,0.29043832421302795
86394,0.43203872442245483,-5.373080253601074
86721,1.2308320999145508,0.8060034513473511
86840,1.9392731189727783,-5.656790733337402
86961,3.1530299186706543,0.8287919163703918
86994,5.4347429275512695,4.47771692276001
87378,-1.1001369953155518,-8.978949546813965
87448,3.716247081756592,-3.824167490005493
87512,2.8828816413879395,0.7694659233093262
87628,2.2023537158966064,-1.647081971168518
87674,4.671024322509766,-4.39335298538208
87763,5.47066068649292,-3.6463797092437744
87770,4.265100955963135,4.405522346496582
88270,3.5185277462005615,0.14215169847011566
88422,1.4633585214614868,-3.487896680831909
88821,6.245154857635498,5.470502853393555
88892,3.7024919986724854,-1.3251893520355225
89715,5.608049392700195,4.562345027923584
89757,0.8593226671218872,-4.092804431915283
90004,-1.625359058380127,-7.2802348136901855
90373,2.293703317642212,-4.914174556732178
90608,-1.0542776584625244,-8.819243431091309
90994,3.6049695014953613,3.093043327331543
91087,2.1580729484558105,0.5389686822891235
91141,5.209081649780273,-1.9666314125061035
91176,3.438810110092163,3.097224235534668
92501,4.80390739440918,-3.201122283935547
92541,2.4232900142669678,1.4878038167953491
92841,13.13057804107666,2.4804701805114746
93191,-1.3919975757598877,-7.5160231590271
93512,6.162156105041504,5.160428524017334
93604,2.243485927581787,2.228494882583618
93683,-2.4520888328552246,-8.014132499694824
94314,-4.5843305587768555,-6.665957450866699
95061,1.3081152439117432,-5.151210784912109
95376,2.460205078125,0.7743265628814697
96020,1.8082071542739868,-2.983856439590454
96317,4.674654960632324,4.0443620681762695
96358,3.1319937705993652,1.294763445854187
96366,2.4722700119018555,-4.316516399383545
96941,5.634139060974121,-8.793386459350586
97072,4.003777980804443,-2.884981393814087
97237,4.09272575378418,-1.911451816558838
97485,5.668065547943115,-3.1340460777282715
97575,4.5399394035339355,-1.9245052337646484
97941,4.167970657348633,-2.3514790534973145
98104,6.033309459686279,-7.957115650177002
98227,0.2612222135066986,-0.8036699891090393
98712,-0.7231976389884949,-8.16130542755127
99059,4.259748935699463,-4.908989906311035
99286,5.600484848022461,4.563993453979492
99433,2.933504581451416,-5.265793323516846
99751,4.501617431640625,-8.694936752319336
100465,2.768173933029175,-5.317750453948975
100524,2.08073091506958,-2.2829782962799072
100575,4.0435791015625,-8.59832763671875
100759,5.106882572174072,4.252405643463135
100955,5.213083744049072,-9.527806282043457
101136,5.422762393951416,-1.4850845336914062
101404,0.15336072444915771,0.4002346098423004
101640,0.021597083657979965,-4.784919738769531
101731,4.601377964019775,-3.8674564361572266
101732,-4.0792670249938965,-7.161599636077881
101781,4.711165904998779,2.097275733947754
102634,4.01509428024292,-2.7141380310058594
102904,4.666131019592285,3.3212268352508545
103255,5.201877593994141,-4.583961009979248
103324,4.989261627197266,-4.198984622955322
103339,5.061184406280518,-4.284822940826416
103380,2.891066312789917,3.1978201866149902
103489,2.3201522827148438,2.0820090770721436
104060,3.539454936981201,-2.9585890769958496
104082,3.1609508991241455,4.294852256774902
104349,0.7215428948402405,-2.75278902053833
104537,3.7381680011749268,-2.1559226512908936
104709,2.9550042152404785,0.4583989679813385
105109,5.351552486419678,-8.355011940002441
105696,2.583597421646118,0.2962455451488495
106047,1.6663280725479126,-3.4299581050872803
106237,4.984634876251221,-2.9415667057037354
106319,2.399205446243286,-1.427738904953003
106347,4.120408058166504,-5.841533660888672
106474,4.456850528717041,2.2579526901245117
106762,4.162302494049072,-1.0106244087219238
107061,5.523932933807373,-9.759336471557617
107287,4.899062156677246,-4.494033336639404
107914,4.132544040679932,-0.7706660032272339
108481,-0.33885666728019714,-3.4605674743652344
108533,1.5289456844329834,2.6721673011779785
108761,1.7528773546218872,1.0195693969726562
108956,3.4446420669555664,-2.3364293575286865
109073,0.6303908824920654,-5.17513370513916
109091,1.8646849393844604,-2.4611666202545166
109147,1.4447273015975952,-2.933347225189209
109815,5.018609523773193,-2.4545962810516357
110465,3.768287420272827,-0.6796534657478333
111066,3.126927137374878,-0.6700055599212646
111087,5.89039945602417,-9.39052677154541
111575,5.33858060836792,-9.570903778076172
112087,5.834691524505615,-3.5536985397338867
112398,1.586544156074524,2.828404188156128
112835,4.108510971069336,3.9002597332000732
113211,3.982293128967285,-3.5237724781036377
113887,2.191218376159668,-2.490135431289673
114346,3.3082401752471924,-1.2949259281158447
114536,-4.702527046203613,-6.881558418273926
114587,3.1531577110290527,-1.7508409023284912
114594,6.934097766876221,4.027470588684082
114969,2.0949461460113525,-4.758472442626953
114983,1.8390370607376099,-4.708235740661621
115013,-4.661200523376465,-7.761576175689697
115059,-1.0858386754989624,-7.734904766082764
115181,3.9030160903930664,-1.162205696105957
115528,2.80444598197937,0.5424551963806152
115725,2.535278558731079,-4.148228645324707
116017,2.576742649078369,1.234673023223877
116263,1.5719472169876099,2.286102294921875
116407,2.627615213394165,2.5665223598480225
117550,4.365869045257568,-4.427215576171875
118117,3.3656415939331055,0.6832937002182007
118248,3.3987884521484375,-4.832484722137451
118344,1.9361268281936646,-2.3675901889801025
118471,5.068795680999756,-4.588868618011475
118589,4.772673606872559,-3.9665958881378174
118731,3.461303949356079,3.1480679512023926
118772,3.8454604148864746,-8.661445617675781
119233,1.415187954902649,2.5040905475616455
119306,3.3889358043670654,-3.2899422645568848
119319,5.504019737243652,-4.356064796447754
119538,2.608548402786255,-8.288755416870117
119735,5.8312296867370605,-2.77203106880188
119853,-2.142216920852661,-8.143179893493652
120213,12.273618698120117,3.6963236331939697
120266,3.6084201335906982,-5.155458450317383
120761,0.6063318252563477,-7.713876724243164
120792,2.9737749099731445,4.105038166046143
120974,3.6266229152679443,-8.783382415771484
121164,5.940779685974121,-9.203630447387695
121315,4.908743381500244,-9.177350044250488
121816,-4.78544807434082,-7.269990921020508
121863,2.0314080715179443,0.9726620316505432
121921,6.490049839019775,10.061223030090332
122785,2.69401216506958,-3.3857812881469727
122812,4.732567310333252,-9.096746444702148
122818,2.8762693405151367,0.8795655369758606
122922,2.438256025314331,-0.6601129770278931
123161,3.4565672874450684,-2.6234748363494873
123223,0.9840646982192993,-0.7622370719909668
123307,0.9931879639625549,-0.9807771444320679
123377,3.5240132808685303,3.8383097648620605
123680,-2.360677719116211,-7.09886360168457
123886,8.789534568786621,4.954123497009277
123908,4.336492538452148,4.435673236846924
123910,0.6695396900177002,0.9817711710929871
123993,10.1688814163208,3.53924560546875
123999,0.7286193370819092,-0.11397843807935715
124309,1.2652451992034912,0.1950078308582306
124336,3.5032432079315186,-2.8065195083618164
124587,-4.314814567565918,-6.728139400482178
124812,0.975878119468689,1.7275222539901733
124938,1.3012667894363403,-5.226767539978027
125081,-4.245655059814453,-7.59882926940918
125148,2.2172865867614746,1.3452342748641968
125797,4.1902594566345215,-4.508316993713379
126017,1.507802963256836,-6.161489486694336
126091,3.2523844242095947,-1.5430153608322144
126130,3.660940647125244,1.562123417854309
126493,2.4258289337158203,3.7794785499572754
126553,-3.3175973892211914,-8.134154319763184
126620,5.478337287902832,-8.157726287841797
126646,3.182952404022217,1.4314024448394775
126816,3.041290044784546,-5.165987968444824
126932,-3.545713424682617,-8.026362419128418
126959,7.921257495880127,4.493359565734863
126972,-0.12918692827224731,-3.7765016555786133
127189,1.799390435218811,-0.4105719029903412
127262,4.5319318771362305,3.7772200107574463
127648,7.135122776031494,3.9555306434631348
127729,4.027796268463135,-4.331729888916016
128322,1.2746866941452026,-1.804376482963562
128376,4.277624607086182,2.7460672855377197
128523,3.913806915283203,-2.0769412517547607
128767,1.1473571062088013,-3.2516472339630127
128977,6.983903408050537,8.971055030822754
129431,2.335200071334839,-4.747402191162109
129521,5.566582202911377,-3.0777223110198975
129622,5.021231651306152,-2.3234143257141113
129818,4.055398464202881,2.455474376678467
130127,6.090917587280273,-2.309532880783081
130230,2.8200104236602783,1.243026852607727
130339,-2.410193681716919,-7.155571460723877
130414,14.601509094238281,1.4365768432617188
130429,1.5697357654571533,1.2514638900756836
130707,13.956941604614258,1.498552680015564
130906,3.047611951828003,0.08455533534288406
131037,6.676797866821289,-2.152769088745117
131141,5.115091323852539,-1.4366264343261719
131187,-2.8664567470550537,-7.861116409301758
131400,4.355571746826172,2.8868050575256348
131732,0.8942270874977112,-2.1904568672180176
131796,0.7770026326179504,-4.334578514099121
131804,3.6561996936798096,-0.841208279132843
131878,3.7464816570281982,-1.1147758960723877
131892,2.8450629711151123,1.5973025560379028
132612,3.1036553382873535,-4.937535285949707
132896,4.922592639923096,-8.98105239868164
132955,3.1120829582214355,3.574035882949829
132975,5.177032470703125,-4.069934368133545
133363,4.1547441482543945,-8.665371894836426
133413,2.7815170288085938,3.410060405731201
134509,-2.334650993347168,-8.366175651550293
134680,6.766395568847656,5.053297519683838
134828,12.375511169433594,2.783945083618164
135253,6.005202770233154,-3.6489007472991943
135332,4.111392974853516,2.690908908843994
135616,3.4356391429901123,1.8681663274765015
135683,6.421970844268799,-7.688941478729248
135798,-1.491896629333496,-8.934638023376465
135838,3.1783394813537598,1.8524974584579468
136153,5.234246253967285,-4.770956516265869
136880,6.6216254234313965,7.4413909912109375
137125,5.4031596183776855,-9.475048065185547
137274,7.266398906707764,3.862297296524048
137331,1.2433217763900757,2.8714399337768555
137363,-0.9020187854766846,-6.863861560821533
137579,-2.6468191146850586,-8.272860527038574
137873,1.5294480323791504,-3.0065948963165283
138521,2.2911033630371094,-2.0502216815948486
138918,-3.8404464721679688,-7.6893157958984375
139491,7.280187129974365,5.147655487060547
139826,-2.916670083999634,-8.082834243774414
139861,2.30436635017395,-1.448651909828186
140120,0.9633494019508362,-4.2676167488098145
140167,3.1763343811035156,0.30288830399513245
140200,2.1086037158966064,-2.258172035217285
140259,0.35728636384010315,-4.9954681396484375
140444,1.8921257257461548,-0.6749939322471619
140611,5.05528450012207,-9.464749336242676
140658,4.049839019775391,0.6592224836349487
140986,5.529167652130127,-3.402560234069824
141111,5.354275703430176,4.172472953796387
141115,3.1762421131134033,-0.012783151119947433
141333,3.5802206993103027,-3.5388691425323486
141358,2.220194101333618,-1.6576839685440063
141657,7.052429676055908,3.9740078449249268
141950,7.555609226226807,6.215163707733154
142015,4.9273552894592285,-1.9905251264572144
142124,-3.473625898361206,-8.072480201721191
142150,4.042451858520508,-3.5553295612335205
142168,3.9205493927001953,-4.70790433883667
142211,1.8008373975753784,-4.476963520050049
142381,1.1928774118423462,-3.254671335220337
142825,7.648151874542236,3.9520037174224854
142881,5.444284915924072,4.243057727813721
143087,2.508229970932007,3.5941810607910156
143109,4.712612152099609,1.2409707307815552
143462,-3.394804000854492,-7.6239166259765625
143938,0.46327924728393555,-5.990726470947266
144092,-1.670346975326538,-8.289972305297852
144096,-1.4046839475631714,-9.019887924194336
144135,1.9140424728393555,-1.1381938457489014
144311,-4.664220333099365,-6.898503303527832
144569,2.741589069366455,-3.962857723236084
144629,-4.435614109039307,-6.670334815979004
144971,-3.330077886581421,-7.992279529571533
145007,2.8292977809906006,-4.1531805992126465
145362,3.3502964973449707,2.7723865509033203
145643,3.397073745727539,3.699927806854248
145901,3.6970343589782715,4.073436737060547
146823,3.2434349060058594,0.8247684240341187
147212,-4.715654373168945,-7.411526679992676
147327,0.9259669184684753,-4.263505935668945
147550,5.347724914550781,-3.6296188831329346
147667,2.2325704097747803,-0.9910982251167297
147742,5.645430088043213,4.298924922943115
148111,4.791417121887207,1.4214386940002441
148196,4.0673441886901855,-0.7894241809844971
148433,4.9251790046691895,-8.939556121826172
148585,3.802943706512451,-0.9892165064811707
148799,1.5753552913665771,1.229730486869812
148814,2.4481682777404785,2.2005202770233154
148942,3.10251784324646,0.979729950428009
149105,9.541670799255371,4.9633073806762695
149840,4.003102779388428,1.028523325920105
149990,1.6293339729309082,-3.7861135005950928
150795,5.847700119018555,4.118610382080078
151783,-1.3455657958984375,-6.9644575119018555
151815,2.9745664596557617,0.48766016960144043
152111,-3.890218496322632,-7.687270164489746
152161,-1.0854852199554443,-7.542898654937744
152455,0.8710562586784363,2.2538204193115234
152669,5.30070161819458,4.29509162902832
152760,2.3719208240509033,-5.21931791305542
152891,1.497063159942627,-2.4141619205474854
152895,1.0170046091079712,2.2272047996520996
153018,-1.4950993061065674,-8.81879711151123
153019,-0.3248237073421478,-2.004101514816284
153242,-1.8033788204193115,-7.132236003875732
153574,2.5872883796691895,-5.38685417175293
153820,-3.3626959323883057,-7.109098434448242
153967,3.5383312702178955,-2.6667706966400146
153996,5.346523284912109,4.367315769195557
154025,8.4906644821167,4.628537654876709
154104,-1.0329338312149048,-6.9495930671691895
154173,13.341752052307129,2.750202178955078
154244,6.229889392852783,-9.136514663696289
154569,3.6835455894470215,0.9677793979644775
154736,2.117663860321045,0.7222920060157776
154773,-2.9008688926696777,-7.983694076538086
155306,6.728150844573975,6.010434150695801
155358,-2.041527032852173,-7.60048246383667
156250,2.964642286300659,-2.830144166946411
156260,0.10284368693828583,-5.493477821350098
156563,8.146526336669922,3.721076011657715
156786,4.390030384063721,-2.5882444381713867
156839,4.729244232177734,3.262474775314331
156869,12.263337135314941,2.908403158187866
156945,5.527381420135498,4.248035907745361
157009,4.241159915924072,0.48332634568214417
157085,5.723742961883545,-2.8048741817474365
157133,5.2192535400390625,-1.7368335723876953
157365,4.31788444519043,0.8724042773246765
157672,-2.382770538330078,-8.462573051452637
157749,3.7505953311920166,-5.225238800048828
157841,-1.955311894416809,-6.953953742980957
157890,2.0379457473754883,-1.2301747798919678
157965,3.107463836669922,-3.384044647216797
158188,10.525044441223145,4.3381547927856445
159411,2.1491663455963135,0.5356956720352173
159649,2.898062229156494,-5.28178071975708
159654,1.8103983402252197,2.3820464611053467
